{"name":"a6e1a450-c8ed-4104-95ee-ab333fc5c539","id":"/providers/Microsoft.Flow/flows/a6e1a450-c8ed-4104-95ee-ab333fc5c539","type":"Microsoft.Flow/flows","properties":{"apiId":"/providers/Microsoft.PowerApps/apis/shared_logicflows","displayName":"Send Alert to Weekend week","definition":{"metadata":{"workflowEntityId":null,"processAdvisorMetadata":null,"flowChargedByPaygo":null,"flowclientsuspensionreason":"None","flowclientsuspensiontime":null,"flowclientsuspensionreasondetails":null,"creator":{"id":"f3b4640d-54d7-4a11-9584-55c847401ca2","type":"User","tenantId":"2426eed1-83a3-4eb9-9a8a-24984b93861f"},"provisioningMethod":"FromDefinition","failureAlertSubscription":true,"clientLastModifiedTime":"2024-03-12T09:44:25.2082137Z","connectionKeySavedTimeKey":"2024-03-12T09:44:25.2082137Z"},"$schema":"https://schema.management.azure.com/providers/Microsoft.Logic/schemas/2016-06-01/workflowdefinition.json#","contentVersion":"undefined","parameters":{"$connections":{"defaultValue":{},"type":"Object"},"$authentication":{"defaultValue":{},"type":"SecureObject"}},"triggers":{"Recurrence":{"recurrence":{"frequency":"Day","interval":7,"startTime":"2024-03-14T04:30:00.000Z"},"metadata":{"operationMetadataId":"df60c836-202c-42fb-b2aa-f649f529ee0a"},"type":"Recurrence"}},"actions":{"List_rows_present_in_a_table":{"runAfter":{},"metadata":{"01RQS4H23XBMOZZELSQNAYS57NDX323HGO":"/Book.xlsx","tableId":"Table1","operationMetadataId":"242c8e1e-787f-4fcf-94a3-d60ae18f9a72"},"type":"OpenApiConnection","inputs":{"host":{"apiId":"/providers/Microsoft.PowerApps/apis/shared_excelonlinebusiness","connectionName":"shared_excelonlinebusiness","operationId":"GetItems"},"parameters":{"source":"sites/8xxv08.sharepoint.com,5c5f578b-c68d-4947-b2a9-0e6100582c28,90a108b8-ed83-4225-952a-2e39191ac9b2","drive":"b!i1dfXI3GR0myqQ5hAFgsKLgIoZCD7SVClSouORkaybJYj3PO6bxMQ6DuOtfXQ7gM","file":"01RQS4H23XBMOZZELSQNAYS57NDX323HGO","table":"Table1"},"authentication":"@parameters('$authentication')"}},"Filter_array":{"runAfter":{"Compose":["Succeeded"]},"metadata":{"operationMetadataId":"ceb2780d-0aea-44d4-a97f-867c6c64ccb1"},"type":"Query","inputs":{"from":"@outputs('List_rows_present_in_a_table')?['body/value']","where":"@equals(item()?['Weekend work'],concat(formatDateTime(addDays(utcNow(),1),'M/d/yyyy'),' - ', formatDateTime(addDays(utcNow(),2),'M/d/yyyy')))"}},"Compose":{"runAfter":{"List_rows_present_in_a_table":["Succeeded"]},"metadata":{"operationMetadataId":"29dbcc6d-b553-4706-9c58-5b67d2e6417a"},"type":"Compose","inputs":"@concat(formatDateTime(addDays(utcNow(),1),'MM/dd/yyyy'),' - ', formatDateTime(addDays(utcNow(),2),'MM/dd/yyyy'))"},"Apply_to_each_2":{"foreach":"@body('Filter_array')","actions":{"Post_a_feed_notification":{"runAfter":{},"metadata":{"operationMetadataId":"c62e832b-ea06-4bff-979c-71eefbac908d"},"type":"OpenApiConnection","inputs":{"host":{"apiId":"/providers/Microsoft.PowerApps/apis/shared_teams","connectionName":"shared_teams","operationId":"PostFeedNotification"},"parameters":{"poster":"Flow bot","notificationType":"team","body/recipient":"@items('Apply_to_each_2')?['Email']","body/previewText":"{\n    \"$schema\": \"http://adaptivecards.io/schemas/adaptive-card.json\",\n    \"type\": \"AdaptiveCard\",\n    \"version\": \"1.0\",\n    \"body\": [\n        {\n            \"type\": \"TextBlock\",\n            \"text\": \"Your package will arrive on {{DATE(2017-02-14T06:00:00Z, SHORT)}} at {{TIME(2017-02-14T06:00:00Z)}}\",\n            \"wrap\": true\n        }\n    ]\n}","body/channelRecipient/groupId":"07d5ab2c-3af8-4436-881f-b1dd29c941f7"},"authentication":"@parameters('$authentication')"}}},"runAfter":{"Filter_array":["Succeeded"]},"metadata":{"operationMetadataId":"de6a6789-c9e9-492e-ab42-4dcf1f169a1d"},"type":"Foreach"}}},"connectionReferences":{"shared_excelonlinebusiness":{"connectionName":"shared-excelonlinebu-3ba118c7-0b76-4f4b-81b6-d1d390ce63e6","source":"Embedded","id":"/providers/Microsoft.PowerApps/apis/shared_excelonlinebusiness","tier":"NotSpecified"},"shared_teams":{"connectionName":"shared-teams-b187846f-e748-4dd9-9281-1011b9ae36d4","source":"Embedded","id":"/providers/Microsoft.PowerApps/apis/shared_teams","tier":"NotSpecified"}},"flowFailureAlertSubscribed":false,"isManaged":false}}